rank,company_name,website,final_career_url,verified,Citation
1,Walmart,www.stock.walmart.com,https://careers.walmart.com/us/en/home,True,"The provided URL is the direct career page for Walmart, leading to job listings and is accessible."
2,Amazon,www.amazon.com,https://www.amazon.jobs/en/,True,The URL leads directly to Amazon's job listings page and is accessible.
3,Apple,www.apple.com,https://www.apple.com/careers/us/,True,The URL leads directly to the job listings page for Apple and is accessible.
4,UnitedHealth Group,www.unitedhealthgroup.com,https://www.unitedhealthgroup.com/careers/en/work.html,True,The URL leads directly to the job listings page for UnitedHealth Group and is accessible. (Redirects to: https://www.unitedhealthgroup.com/careers/en/work.html)
5,Berkshire Hathaway,www.berkshirehathaway.com,,False,"Berkshire Hathaway does not have a central career page; job listings are managed by individual subsidiaries, and no direct accessible URL was found."
6,CVS Health,www.cvshealth.com,https://jobs.cvshealth.com/us/en,True,The URL leads directly to the job listings page for CVS Health and is accessible.
7,Exxon Mobil,www.exxonmobil.com,https://jobs.exxonmobil.com/,True,The URL leads directly to the job listings page for Exxon Mobil and is accessible.
8,Alphabet,www.abc.xyz/,https://www.google.com/about/careers/applications/,True,"The correct career page for Alphabet is accessible at careers.google.com, which directly lists job opportunities. (Redirects to: https://www.google.com/about/careers/applications/)"
9,McKesson,www.mckesson.com,https://careers.mckesson.com/en,True,The URL leads directly to the job listings page for McKesson and is accessible.
10,Cencora,www.cencora.com,https://careers.cencora.com/us/en,True,The URL leads directly to the job listings page for Cencora and is accessible.
11,Costco Wholesale,www.costco.com,https://www.costco.com/careers.html,False,Suggested URL not accessible: https://www.costco.com/careers.html
12,JPMorgan Chase,www.jpmorganchase.com,https://www.jpmorganchase.com/careers?redirect=careers_jpm,True,The URL leads directly to the job search page for JPMorgan Chase and is accessible. (Redirects to: https://www.jpmorganchase.com/careers?redirect=careers_jpm)
13,Microsoft,www.microsoft.com,https://careers.microsoft.com/v2/global/en/home.html,True,The URL leads directly to Microsoft's job listings page and is accessible.
14,Cardinal Health,www.cardinalhealth.com,https://www.cardinalhealth.com/en/careers/job-search.html,False,Suggested URL not accessible: https://www.cardinalhealth.com/en/careers/job-search.html
15,Chevron,www.chevron.com,https://careers.chevron.com/,True,The URL leads directly to Chevron's job listings page and is accessible.
16,Cigna Group,www.thecignagroup.com,https://jobs.thecignagroup.com/us/en,True,This URL leads directly to Cigna Group's career page where job listings are available. (Redirects to: https://jobs.thecignagroup.com/us/en)
17,Ford Motor,www.ford.com,https://www.careers.ford.com/en/home.html,True,The URL leads directly to Ford's career page where job listings are available.
18,Bank of America,www.bankofamerica.com,https://careers.bankofamerica.com/en-us,True,The URL leads directly to the job search page for Bank of America and is accessible.
19,General Motors,www.gm.com,https://www.gm.com/careers,False,Suggested URL not accessible: https://www.gm.com/careers
20,Elevance Health,www.elevancehealth.com,https://careers.elevancehealth.com/,True,The URL leads directly to the job listings page for Elevance Health and is accessible. (Redirects to: https://careers.elevancehealth.com/)
21,Citigroup,www.citigroup.com,https://careers.citigroup.com/,True,The URL leads directly to Citigroup's job listings page and is accessible.
22,Centene,www.centene.com,https://www.centene.com/careers,False,Suggested URL not accessible: https://www.centene.com/careers
23,Home Depot,www.homedepot.com,https://careers.homedepot.com/,True,The URL leads directly to Home Depot's job listings page and is accessible.
24,Marathon Petroleum,www.marathonpetroleum.com,https://www.marathonpetroleum.com/careers/,False,Suggested URL not accessible: https://www.marathonpetroleum.com/careers/
25,Kroger,www.thekrogerco.com,https://www.krogerfamilycareers.com/en/sites/CX_2001,True,This URL leads directly to Kroger's job listings page and is accessible. (Redirects to: https://www.krogerfamilycareers.com/en/sites/CX_2001)
26,Phillips 66,www.phillips66.com,https://careers.phillips66.com/,True,The URL leads directly to the job listings page for Phillips 66 and is accessible.
27,Fannie Mae,www.fanniemae.com,https://www.fanniemae.com/careers,True,The URL leads directly to the job listings page for Fannie Mae and is accessible.
28,Walgreens Boots Alliance,www.walgreensbootsalliance.com,https://jobs.walgreens.com/en,True,The URL leads directly to the job listings page for Walgreens Boots Alliance and is accessible.
29,Valero Energy,www.valero.com,https://www.valero.com/careers,True,The URL leads directly to Valero Energy's job listings page and is accessible.
30,Meta Platforms,investor.fb.com,https://www.metacareers.com/jobsearch,True,"The URL leads directly to Meta Platforms' job search page, displaying job listings and is accessible."
31,Verizon Communications,www.verizon.com,https://mycareer.verizon.com/,False,Suggested URL not accessible: https://mycareer.verizon.com/
32,AT&T,www.att.com,https://www.att.com/careers,False,Suggested URL not accessible: https://www.att.com/careers
33,Comcast,www.comcastcorporation.com,https://jobs.comcast.com/,True,The URL leads directly to Comcast's job listings page and is accessible.
34,Wells Fargo,www.wellsfargo.com,https://www.wellsfargo.com/about/careers/?utm_medium=www-redirect&utm_source=careers,True,This URL leads directly to the Wells Fargo careers page where job listings are available. (Redirects to: https://www.wellsfargo.com/about/careers/?utm_medium=www-redirect&utm_source=careers)
35,Goldman Sachs Group,www.goldmansachs.com,https://www.goldmansachs.com/careers/,True,This URL leads directly to the Goldman Sachs careers page where job listings are available.
36,Freddie Mac,www.freddiemac.com,https://careers.freddiemac.com/us/en,True,The URL leads directly to the job listings page for Freddie Mac and is accessible.
37,Target,www.target.com,https://corporate.target.com/careers,True,The URL leads directly to Target's career page where job listings are available and is accessible.
38,Humana,www.humana.com,https://careers.humana.com/us/en,True,The URL leads directly to the job listings page for Humana and is accessible.
39,State Farm Insurance,www.statefarm.com,https://www.statefarm.com/careers,False,Suggested URL not accessible: https://www.statefarm.com/careers
40,Tesla,www.tesla.com,https://careers.tesla.com,False,Suggested URL not accessible: https://careers.tesla.com
41,Morgan Stanley,www.morganstanley.com,https://www.morganstanley.com/people,True,This URL leads directly to the Morgan Stanley careers page where job listings are available. (Redirects to: https://www.morganstanley.com/people)
42,Johnson & Johnson,www.jnj.com,https://www.careers.jnj.com/,False,Suggested URL not accessible: https://www.careers.jnj.com/
43,Archer Daniels Midland,www.adm.com,https://www.adm.com/careers/,True,This URL leads directly to the job search page for Archer Daniels Midland and is accessible. (Redirects to: https://www.adm.com/careers/)
44,PepsiCo,www.pepsico.com,https://www.pepsicojobs.com/main/,True,"The URL leads directly to the job listings page for PepsiCo, fulfilling all critical requirements."
45,UPS,www.ups.com,https://www.ups.com/us/en/careers.page,False,Suggested URL not accessible: https://www.ups.com/us/en/careers.page
46,FedEx,www.fedex.com,https://careers.fedex.com/,True,The URL leads directly to FedEx's job listings page and is accessible. (Redirects to: https://careers.fedex.com/)
47,Walt Disney,www.thewaltdisneycompany.com,https://jobs.disneycareers.com/,True,"The URL leads directly to the job listings page for Walt Disney, meeting all critical requirements."
48,Dell Technologies,www.delltechnologies.com,https://jobs.dell.com/en,True,The URL leads directly to the job listings page for Dell Technologies and is accessible. (Redirects to: https://jobs.dell.com/en)
49,Lowe's,www.lowes.com,https://www.lowes.com/careers,False,Suggested URL not accessible: https://www.lowes.com/careers
50,Procter & Gamble,www.pginvestor.com,https://www.pgcareers.com/us/en,True,"The URL leads directly to the job search page for Procter & Gamble, displaying job listings and is accessible."
51,Energy Transfer,www.energytransfer.com,https://careers.energytransfer.com,False,Suggested URL not accessible: https://careers.energytransfer.com
52,Boeing,www.boeing.com,https://jobs.boeing.com/,True,This URL leads directly to Boeing's job listings page and is accessible. (Redirects to: https://jobs.boeing.com/)
53,Albertsons,www.albertsonscompanies.com,https://www.albertsonscompanies.com/careers,False,Suggested URL not accessible: https://www.albertsonscompanies.com/careers
54,Sysco,www.sysco.com,https://careers.sysco.com/en,True,The URL leads directly to the job listings page for Sysco and is accessible.
55,RTX,www.rtx.com,https://careers.rtx.com/global/en,True,The URL leads directly to the job listings page for RTX and is accessible.
56,General Electric,www.ge.com,https://www.geaerospace.com/company/careers,True,This URL leads directly to General Electric's career page where job listings are available. (Redirects to: https://www.geaerospace.com/company/careers)
57,Lockheed Martin,www.lockheedmartin.com,https://www.lockheedmartin.com/en-us/careers/index.html,True,"The current URL redirects to a general careers page, but the provided URL leads directly to the job listings and is accessible."
58,American Express,www.americanexpress.com,https://www.americanexpress.com/en-us/careers/,True,The URL leads directly to the American Express career page where job listings are shown and is accessible. (Redirects to: https://www.americanexpress.com/en-us/careers/)
59,Caterpillar,www.caterpillar.com,https://www.caterpillar.com/en/careers.html,False,Suggested URL not accessible: https://www.caterpillar.com/en/careers.html
60,MetLife,www.metlife.com,https://www.metlifecareers.com/en_US/ml,True,The URL leads directly to MetLife's career page where job listings are available. (Redirects to: https://www.metlifecareers.com/en_US/ml)
61,HCA Healthcare,www.hcahealthcare.com,https://careers.hcahealthcare.com,False,Suggested URL not accessible: https://careers.hcahealthcare.com
62,Progressive,www.progressive.com,https://progressive.com/careers,False,Suggested URL not accessible: https://progressive.com/careers
63,IBM,www.ibm.com,https://www.ibm.com/careers,True,The URL leads directly to IBM's career page where job listings are shown and is accessible.
64,Deere,www.deere.com,https://careers.deere.com/careers,True,"The URL leads directly to the job listings page for Deere, confirming it is accessible and correct."
65,Nvidia,www.nvidia.com,https://www.nvidia.com/en-us/about-nvidia/careers/,True,"The current URL redirects to a general careers page, but the correct URL for job listings is accessible and leads directly to the job search page."
66,StoneX Group,www.stonex.com,https://www.stonex.com/careers/,False,Suggested URL not accessible: https://www.stonex.com/careers/
67,Merck,www.merck.com,https://jobs.merck.com/us/en,True,This URL leads directly to Merck's career page where job listings are available. (Redirects to: https://jobs.merck.com/us/en)
68,ConocoPhillips,www.conocophillips.com,https://careers.conocophillips.com/,True,The URL leads directly to the job listings page for ConocoPhillips and is accessible. (Redirects to: https://careers.conocophillips.com/)
69,Pfizer,www.pfizer.com,https://www.pfizer.com/about/careers,True,"The URL leads directly to Pfizer's job listings page, which is accessible and matches the company's actual career page. (Redirects to: https://www.pfizer.com/about/careers)"
70,Delta Air Lines,www.delta.com,https://www.delta.com/us/en/careers,False,Suggested URL not accessible: https://www.delta.com/us/en/careers
71,TD Synnex,www.tdsynnex.com,https://careers.tdsynnex.com/us/en,True,The URL leads directly to the job listings page for TD Synnex and is accessible.
72,Publix Super Markets,www.publix.com,https://jobs.publix.com/,True,This URL leads directly to Publix's career page where job listings are available. (Redirects to: https://jobs.publix.com/)
73,Allstate,www.allstate.com,https://www.allstatecorporation.com/careers.aspx,True,This URL leads directly to Allstate's career page where job listings are available. (Redirects to: https://www.allstatecorporation.com/careers.aspx)
74,Cisco Systems,www.cisco.com,https://careers.cisco.com/global/en,True,The URL leads directly to the job listings page for Cisco Systems and is accessible.
75,Nationwide,www.nationwide.com,https://www.nationwide.com/personal/about-us/careers/,True,The URL leads directly to the job search page for Nationwide and is accessible. (Redirects to: https://www.nationwide.com/personal/about-us/careers/)
76,Charter Communications,www.charter.com,https://jobs.charter.com,False,Suggested URL not accessible: https://jobs.charter.com
77,AbbVie,www.abbvie.com,https://www.abbvie.com/careers.html,False,Suggested URL not accessible: https://www.abbvie.com/careers.html
78,New York Life Insurance,www.newyorklife.com,https://careers.newyorklife.com/careers,True,The URL leads directly to the job listings page for New York Life Insurance and is accessible.
79,Intel,www.intel.com,https://intel.wd1.myworkdayjobs.com/en-US/External,True,"The provided URL is the direct career page for Intel, leading to job listings and is accessible."
80,TJX,www.tjx.com,https://jobs.tjx.com/global/en,True,This URL leads directly to the job listings page for TJX and is accessible. (Redirects to: https://jobs.tjx.com/global/en)
81,Prudential Financial,www.prudential.com,https://www.prudential.com/careers,True,This URL leads directly to Prudential Financial's career page where job listings are available.
82,HP,www.hp.com,https://jobs.hp.com,False,Suggested URL not accessible: https://jobs.hp.com
83,United Airlines Holdings,www.united.com,https://careers.united.com/us/en,True,"The URL leads directly to the job search page for United Airlines, displaying current job listings."
84,Performance Food Group,www.pfgc.com,https://www.pfgc.com/careers,True,This URL leads directly to the job listings page for Performance Food Group and is accessible.
85,Tyson Foods,www.tysonfoods.com,https://www.tysonfoods.com/careers,True,This URL leads directly to Tyson Foods' career page where job listings are available.
86,American Airlines Group,www.aa.com,https://jobs.aa.com/search/,True,The URL leads directly to the job search page for American Airlines Group and is accessible.
87,Liberty Mutual Insurance Group,www.libertymutual.com,https://www.libertymutualgroup.com/about-lm/careers/overview,True,This URL leads directly to the job search page for Liberty Mutual Insurance Group and is accessible. (Redirects to: https://www.libertymutualgroup.com/about-lm/careers/overview)
88,Nike,investors.nike.com,https://careers.nike.com/,True,The URL leads directly to Nike's job listings page and is accessible.
89,Oracle,www.oracle.com,https://careers.oracle.com/en/sites/jobsearch,True,"The URL leads directly to the job search page for Oracle, displaying job listings as required."
90,Enterprise Products Partners,www.enterpriseproducts.com,https://www.enterpriseproducts.com/careers/,True,The URL leads directly to the job listings page for Enterprise Products Partners and is accessible.
91,Capital One Financial,www.capitalone.com,https://www.capitalone.com/careers,False,Suggested URL not accessible: https://www.capitalone.com/careers
92,Plains GP Holdings,www.plains.com,https://www.plains.com/careers,True,The URL leads directly to the job listings page on the Plains GP Holdings website.
93,World Kinect,www.world-kinect.com,https://www.world-kinect.com/careers,True,This URL leads directly to the job listings page for World Kinect and is accessible.
94,AIG,www.aig.com,https://careers.aig.com/en,False,Suggested URL not accessible: https://careers.aig.com/en
95,Coca-Cola,www.coca-colacompany.com,https://www.coca-colacompany.com/careers,True,The URL leads directly to Coca-Cola's official careers page where job listings are available.
96,TIAA,www.tiaa.org,https://careers.tiaa.org/,True,The URL leads directly to TIAA's job listings page and is accessible. (Redirects to: https://careers.tiaa.org/)
97,CHS,www.chsinc.com,https://careers.chsinc.com/,True,The URL leads directly to the job listings page for CHS and is accessible. (Redirects to: https://careers.chsinc.com/)
98,Bristol-Myers Squibb,www.bms.com,https://careers.bms.com/en,False,Suggested URL not accessible: https://careers.bms.com/en
99,Dow,www.dow.com,https://corporate.dow.com/en-us/careers,True,The URL leads directly to Dow's job search page where job listings are shown. (Redirects to: https://corporate.dow.com/en-us/careers)
100,Best Buy,www.investors.bestbuy.com,https://jobs.bestbuy.com/bby,True,The URL leads directly to Best Buy's job listings page and is accessible. (Redirects to: https://jobs.bestbuy.com/bby)
101,Thermo Fisher Scientific,www.thermofisher.com,https://jobs.thermofisher.com/global/en,True,The URL leads directly to the job listings page for Thermo Fisher Scientific and is accessible.
102,Massachusetts Mutual Life Insurance,www.massmutual.com,https://careers.massmutual.com/,True,The URL leads directly to the job listings page for Massachusetts Mutual Life Insurance and is accessible.
103,USAA,www.usaa.com,https://www.usaa.com/inet/wc/careers,True,This URL leads directly to USAA's job listings page and is accessible.
104,General Dynamics,www.gd.com,https://www.gd.com/careers,True,This URL leads directly to the General Dynamics careers page where job listings are available.
105,Travelers,www.travelers.com,https://careers.travelers.com/,True,The URL leads directly to the job listings page for Travelers and is accessible. (Redirects to: https://careers.travelers.com/)
106,Warner Bros. Discovery,wbd.com,https://careers.wbd.com/global/en,True,The URL leads directly to the job listings page for Warner Bros. Discovery and is accessible.
107,U.S. Bancorp,www.usbank.com,https://careers.usbank.com/global/en,True,The URL leads directly to the job listings page for U.S. Bancorp and is accessible.
108,Abbott Laboratories,www.abbott.com,https://www.abbott.com/careers.html,True,This URL leads directly to Abbott Laboratories' career page where job listings are available.
109,Northrop Grumman,www.northropgrumman.com,https://www.northropgrumman.com/careers,True,This URL leads directly to Northrop Grumman's job listings page and is accessible. (Redirects to: https://www.northropgrumman.com/careers)
110,Northwestern Mutual,www.northwesternmutual.com,https://www.northwesternmutual.com/careers/,True,This URL leads directly to the job listings page for Northwestern Mutual and is accessible.
111,Dollar General,www.dollargeneral.com,https://careers.dollargeneral.com/,True,The URL leads directly to Dollar General's job listings page and is accessible. (Redirects to: https://careers.dollargeneral.com/)
112,PBF Energy,www.pbfenergy.com,https://www.pbfenergy.com/careers,False,Suggested URL not accessible: https://www.pbfenergy.com/careers
113,Uber Technologies,www.uber.com,https://www.uber.com/careers/,False,Suggested URL not accessible: https://www.uber.com/careers/
114,Honeywell International,www.honeywell.com,https://careers.honeywell.com/en-US,False,Suggested URL not accessible: https://careers.honeywell.com/en-US
115,Mondelez International,www.mondelezinternational.com,https://www.mondelezinternational.com:443/careers/,True,The URL leads directly to the job listings page for Mondelez International and is accessible. (Redirects to: https://www.mondelezinternational.com:443/careers/)
116,Starbucks,www.starbucks.com,https://careers.starbucks.com/,True,The URL leads directly to Starbucks' job listings page and is accessible. (Redirects to: https://careers.starbucks.com/)
117,Qualcomm,www.qualcomm.com,https://careers.qualcomm.com/careers,True,The URL leads directly to Qualcomm's job listings page and is accessible.
118,Broadcom,www.broadcom.com,https://www.broadcom.com/company/careers,True,This URL leads directly to Broadcom's career page where job listings are available.
119,US Foods Holding,www.usfoods.com,https://careers.usfoods.com/us/en,True,The URL leads directly to the job listings page for US Foods Holding and is accessible.
120,D.R. Horton,www.drhorton.com,https://www.drhorton.com/careers,True,This URL leads directly to the job listings page for D.R. Horton and is accessible.
121,Philip Morris International,www.pmi.com,https://www.pmi.com/careers/overview/,True,This URL leads directly to the job listings page for Philip Morris International and is accessible. (Redirects to: https://www.pmi.com/careers/overview/)
122,Paccar,www.paccar.com,https://www.paccar.com/careers,True,This URL leads directly to Paccar's career page where job listings are available.
123,Salesforce,www.salesforce.com,https://www.salesforce.com/company/careers/?bc=HL,True,"The URL leads directly to the job listings page for Salesforce, meeting all critical requirements. (Redirects to: https://www.salesforce.com/company/careers/?bc=HL)"
124,Nucor,www.nucor.com,https://nucor.com/careers/,True,This URL leads directly to Nucor's career page where job listings are available. (Redirects to: https://nucor.com/careers/)
125,Jabil,www.jabil.com,https://careers.jabil.com/,True,The URL leads directly to Jabil's career page where job listings are shown and is accessible.
126,Lennar,www.lennar.com,https://careers.lennar.com/,True,The URL leads directly to Lennar's job listings page and is accessible. (Redirects to: https://careers.lennar.com/)
127,Eli Lilly,www.lilly.com,https://careers.lilly.com/,False,Suggested URL not accessible: https://careers.lilly.com/
128,Molina Healthcare,www.molinahealthcare.com,https://careers.molinahealthcare.com/,True,The URL leads directly to Molina Healthcare's job listings page and is accessible. (Redirects to: https://careers.molinahealthcare.com/)
129,Cummins,www.cummins.com,https://careers.cummins.com/en/jobs,False,Suggested URL not accessible: https://careers.cummins.com/en/jobs
130,Bank of New York Mellon,www.bnymellon.com,https://www.bnymellon.com/en/careers,False,Suggested URL not accessible: https://www.bnymellon.com/en/careers
131,Netflix,www.netflix.com,https://jobs.netflix.com/,True,The URL leads directly to Netflix's job listings page and is accessible.
132,Truist Financial,www.truist.com,https://careers.truist.com/us/en,True,"The URL leads directly to the job search page for Truist Financial, displaying job listings and is accessible."
133,Arrow Electronics,www.arrow.com,https://careers.arrow.com/us/en,True,The URL leads directly to the job listings page for Arrow Electronics and is accessible.
134,3M,www.3m.com,https://www.3m.com/3M/en_US/careers-us/,False,Suggested URL not accessible: https://www.3m.com/3M/en_US/careers-us/
135,Visa,www.visa.com,https://jobs.visa.com,False,Suggested URL not accessible: https://jobs.visa.com
136,Apollo Global Management,www.apollo.com,https://www.apollo.com/careers,True,This URL leads directly to the job listings page for Apollo Global Management and is accessible.
137,HF Sinclair,www.hfsinclair.com,https://careers.hfsinclair.com/,True,The URL leads directly to the job listings page for HF Sinclair and is accessible. (Redirects to: https://careers.hfsinclair.com/)
138,CBRE Group,www.cbre.com,https://www.cbre.com/careers,False,Suggested URL not accessible: https://www.cbre.com/careers
139,PNC Financial Services Group,www.pnc.com,https://careers.pnc.com/global/en,True,The URL leads directly to the job search page for PNC Financial Services Group and is accessible.
140,Lithia Motors,investors.lithiadriveway.com,https://lithiamotors.com/careers,False,Suggested URL not accessible: https://lithiamotors.com/careers
141,CarMax,www.carmax.com,https://careers.carmax.com/us/en,True,The URL leads directly to the job listings page for CarMax and is accessible.
142,Paramount Global,www.paramount.com,https://careers.paramount.com/,True,The URL leads directly to the job listings page for Paramount Global and is accessible. (Redirects to: https://careers.paramount.com/)
143,Dollar Tree,www.dollartree.com,https://careers.dollartree.com/us/en,True,The URL leads directly to the job listings page for Dollar Tree and is accessible.
144,United Natural Foods,www.unfi.com,https://www.unfi.com/careers-home,True,This URL leads directly to the job listings page for United Natural Foods and is accessible. (Redirects to: https://www.unfi.com/careers-home)
145,PayPal Holdings,www.paypal.com,https://www.paypal.com/us/webapps/mpp/jobs,False,Suggested URL not accessible: https://www.paypal.com/us/webapps/mpp/jobs
146,Penske Automotive Group,www.penskeautomotive.com,https://www.penskeautomotive.com/careers,False,Suggested URL not accessible: https://www.penskeautomotive.com/careers
147,Hewlett Packard Enterprise,www.hpe.com,https://careers.hpe.com/us/en,True,The URL leads directly to the job listings page for Hewlett Packard Enterprise and is accessible.
148,Duke Energy,www.duke-energy.com,https://www.duke-energy.com/careers,False,Suggested URL not accessible: https://www.duke-energy.com/careers
149,Occidental Petroleum,www.oxy.com,https://www.oxy.com/careers,True,This URL leads directly to the job listings page for Occidental Petroleum and is accessible.
150,NRG Energy,www.nrg.com,https://www.nrg.com/careers.html,False,Suggested URL not accessible: https://www.nrg.com/careers.html
151,Amgen,www.amgen.com,https://careers.amgen.com/en,True,"The URL leads directly to the job search page for Amgen, displaying job listings and is accessible."
152,NextEra Energy,www.nexteraenergy.com,https://www.nexteraenergy.com/careers.html,True,This URL leads directly to the job listings page for NextEra Energy and is accessible. (Redirects to: https://www.nexteraenergy.com/careers.html)
153,Danaher,www.danaher.com,https://careers.danaher.com,False,Suggested URL not accessible: https://careers.danaher.com
154,Gilead Sciences,www.gilead.com,https://www.gilead.com/careers,True,The URL leads directly to Gilead Sciences' career page where job listings are available.
155,AutoNation,www.autonation.com,https://careers.autonation.com/us/en,True,The URL leads directly to the job listings page for AutoNation and is accessible.
156,Kraft Heinz,www.kraftheinzcompany.com,https://www.kraftheinzcompany.com/careers,False,Suggested URL not accessible: https://www.kraftheinzcompany.com/careers
157,Avnet,www.avnet.com,https://www.avnet.com/wps/portal/us/careers/,False,Suggested URL not accessible: https://www.avnet.com/wps/portal/us/careers/
158,Applied Materials,www.appliedmaterials.com,https://careers.appliedmaterials.com/careers,True,The URL leads directly to the job listings page for Applied Materials and is accessible. (Redirects to: https://careers.appliedmaterials.com/careers)
159,Southwest Airlines,www.southwest.com,https://careers.southwestair.com,True,"The URL is the official career page for Southwest Airlines, leading directly to job listings. (Redirects to: https://careers.southwestair.com)"
160,Charles Schwab,www.aboutschwab.com,https://www.schwab.com/careers,True,This URL leads directly to the job listings page for Charles Schwab and is accessible.
161,Baker Hughes,www.bakerhughes.com,https://careers.bakerhughes.com/,True,The URL leads directly to the job listings page for Baker Hughes and is accessible. (Redirects to: https://careers.bakerhughes.com/)
162,McDonald's,www.investor.mcdonalds.com,https://careers.mcdonalds.com/,True,The URL leads directly to McDonald's job listings page and is accessible.
163,Southern,www.southerncompany.com,https://southerncompany.jobs/,True,This URL leads directly to the job listings page for Southern Company and is accessible. (Redirects to: https://southerncompany.jobs/)
164,Mastercard,www.mastercard.com,https://careers.mastercard.com/us/en,True,The URL leads directly to the job listings page for Mastercard and is accessible.
165,Constellation Energy,www.constellationenergy.com,https://jobs.constellationenergy.com/careers-home/,True,This URL leads directly to the job search page for Constellation Energy and is accessible. (Redirects to: https://jobs.constellationenergy.com/careers-home/)
166,Hartford Financial Services Group,www.thehartford.com,https://www.thehartford.com/careers,False,Suggested URL not accessible: https://www.thehartford.com/careers
167,PG&E,www.pgecorp.com,https://www.pge.com/en_US/careers/careers.page,False,Suggested URL not accessible: https://www.pge.com/en_US/careers/careers.page
168,Coupang,www.aboutcoupang.com,https://careers.coupang.com,False,Suggested URL not accessible: https://careers.coupang.com
169,EOG Resources,www.eogresources.com,https://careers.eogresources.com/process_jobsearch.asp,True,The URL leads directly to the job search page for EOG Resources and is accessible. (Redirects to: https://careers.eogresources.com/process_jobsearch.asp)
170,Union Pacific,www.up.com,https://www.up.com/careers,True,This URL leads directly to Union Pacific's job listings page and is accessible.
171,Rite Aid,www.riteaid.com,https://content.riteaid.com/,True,This URL leads directly to the Rite Aid careers page where job listings are available. (Redirects to: https://content.riteaid.com/)
172,Macy's,www.macysinc.com,https://www.macysinc.com/careers,False,Suggested URL not accessible: https://www.macysinc.com/careers
173,Marriott International,www.marriott.com,https://careers.marriott.com/,True,The URL leads directly to Marriott International's job listings page and is accessible. (Redirects to: https://careers.marriott.com/)
174,Lear,www.lear.com,https://www.lear.com/careers,True,"This URL leads directly to the job listings page for Lear, matching the company's career page structure."
175,Genuine Parts,www.genpt.com,https://www.genpt.com/careers,False,Suggested URL not accessible: https://www.genpt.com/careers
176,Sherwin-Williams,www.sherwin.com,https://careers.sherwin-williams.com/us/en/home.html,True,The provided URL redirects to the correct job listings page for Sherwin-Williams.
177,Halliburton,www.halliburton.com,https://careers.halliburton.com/,True,The URL leads directly to Halliburton's job listings page and is accessible. (Redirects to: https://careers.halliburton.com/)
178,Freeport-McMoRan,www.fcx.com,https://www.fcx.com/careers,True,This URL leads directly to Freeport-McMoRan's career page where job listings are available.
179,Live Nation Entertainment,www.livenationentertainment.com,https://www.livenationentertainment.com/careers,False,Suggested URL not accessible: https://www.livenationentertainment.com/careers
180,Marsh & McLennan,www.marshmclennan.com,https://careers.marshmclennan.com/global/en,True,The URL leads directly to the job listings page for Marsh & McLennan and is accessible.
181,Advanced Micro Devices,www.amd.com,https://careers.amd.com/careers-home,True,The URL leads directly to the AMD careers page where job listings are shown.
182,First Citizens BancShares,www.firstcitizens.com,https://www.firstcitizens.com/careers,False,Suggested URL not accessible: https://www.firstcitizens.com/careers
183,WESCO International,www.wesco.com,https://www.wesco.com/careers,False,Suggested URL not accessible: https://www.wesco.com/careers
184,Carrier Global,www.corporate.carrier.com,https://www.corporate.carrier.com/careers,True,This URL leads directly to the Carrier Global careers page where job listings are available.
185,Cleveland-Cliffs,www.clevelandcliffs.com,https://careers.clevelandcliffs.com/,True,The URL leads directly to the job listings page for Cleveland-Cliffs and is accessible. (Redirects to: https://careers.clevelandcliffs.com/)
186,Block,www.block.xyz/,https://block.xyz/careers/jobs,True,This URL leads directly to the job listings page for Block and is accessible. (Redirects to: https://block.xyz/careers/jobs)
187,Exelon,www.exeloncorp.com,https://careers.exeloncorp.com/exelon-corporate/,True,The URL leads directly to Exelon's career page where job listings are shown and is accessible. (Redirects to: https://careers.exeloncorp.com/exelon-corporate/)
188,KKR,www.kkr.com,https://www.kkr.com/careers,True,This URL leads directly to KKR's career page where job listings are available.
189,CDW,www.cdw.com,https://www.cdw.com/careers,False,Suggested URL not accessible: https://www.cdw.com/careers
190,Booking Holdings,www.bookingholdings.com,https://careers.booking.com,False,Suggested URL not accessible: https://careers.booking.com
191,Synchrony,www.synchrony.com,https://www.synchronycareers.com/,True,This URL leads directly to Synchrony's career page where job listings are available. (Redirects to: https://www.synchronycareers.com/)
192,Quanta Services,www.quantaservices.com,https://www.quantaservices.com/careers,False,Suggested URL not accessible: https://www.quantaservices.com/careers
193,Jones Lang LaSalle,www.jll.com,https://www.jll.com/en-us/careers/,True,This URL leads directly to the job listings page for Jones Lang LaSalle and is accessible. (Redirects to: https://www.jll.com/en-us/careers/)
194,Discover Financial Services,www.discover.com,https://www.discover.com/careers/,True,This URL leads directly to Discover Financial Services' career page where job listings are available.
195,Tenet Healthcare,www.tenethealth.com,https://www.tenethealth.com/careers,False,Suggested URL not accessible: https://www.tenethealth.com/careers
196,Altria Group,www.altria.com,https://careers.altria.com/,True,The URL leads directly to the job listings page for Altria Group and is accessible. (Redirects to: https://careers.altria.com/)
197,Stryker,www.stryker.com,https://careers.stryker.com/,True,The URL leads directly to Stryker's job listings page and is accessible. (Redirects to: https://careers.stryker.com/)
198,Kimberly-Clark,www.kimberly-clark.com,https://www.kimberly-clark.com/en/careers/,False,Suggested URL not accessible: https://www.kimberly-clark.com/en/careers/
199,Waste Management,www.wm.com,https://emcm.fa.us2.oraclecloud.com/hcmUI/CandidateExperience/en/sites/WMCareers,True,The URL leads directly to the job listings page for Waste Management and is accessible. (Redirects to: https://emcm.fa.us2.oraclecloud.com/hcmUI/CandidateExperience/en/sites/WMCareers)
200,Cheniere Energy,www.cheniere.com,https://www.cheniere.com/careers,True,This URL leads directly to the job listings page for Cheniere Energy and is accessible.
201,Ross Stores,www.rossstores.com,https://jobs.rossstores.com/,True,This URL leads directly to the job search page for Ross Stores and is accessible. (Redirects to: https://jobs.rossstores.com/)
202,WestRock,www.westrock.com,https://www.westrock.com/careers,False,Suggested URL not accessible: https://www.westrock.com/careers
203,General Mills,www.generalmills.com,https://careers.generalmills.com/careers/,True,The URL leads directly to the job listings page for General Mills and is accessible.
204,Goodyear Tire & Rubber,www.goodyear.com,https://corporate.goodyear.com/us/en/company/working-at-goodyear.html,True,"This URL leads directly to the job search page for Goodyear Tire & Rubber, displaying job listings. (Redirects to: https://corporate.goodyear.com/us/en/company/working-at-goodyear.html)"
205,BJ's Wholesale Club,www.bjs.com,https://careers.bjs.com/,True,The URL leads directly to BJ's Wholesale Club's career page where job listings are shown and is accessible.
206,GE HealthCare Technologies,www.gehealthcare.com,https://careers.gehealthcare.com/global/en,True,The URL leads directly to the job listings page for GE HealthCare Technologies and is accessible.
207,Colgate-Palmolive,www.colgatepalmolive.com,https://jobs.colgate.com/,True,This URL leads directly to the Colgate-Palmolive careers page where job listings are available. (Redirects to: https://jobs.colgate.com/)
208,Whirlpool,www.whirlpoolcorp.com,https://www.whirlpoolcorp.com/careers,False,Suggested URL not accessible: https://www.whirlpoolcorp.com/careers
209,L3Harris Technologies,www.l3harris.com,https://careers.l3harris.com/en,True,The URL leads directly to the job listings page for L3Harris Technologies and is accessible.
210,Adobe,www.adobe.com,https://careers.adobe.com/us/en,True,The URL leads directly to Adobe's job listings page and is accessible.
211,Becton Dickinson,www.bd.com,https://www.bd.com/en-us/careers,False,Suggested URL not accessible: https://www.bd.com/en-us/careers
212,Pioneer Natural Resources,www.pxd.com,https://www.pxd.com/careers,False,Suggested URL not accessible: https://www.pxd.com/careers
213,Cognizant Technology Solutions,www.cognizant.com,https://www.cognizant.com/careers,False,Suggested URL not accessible: https://www.cognizant.com/careers
214,Murphy USA,www.murphyusa.com,https://www.murphyusa.com/careers,False,Suggested URL not accessible: https://www.murphyusa.com/careers
215,Fiserv,www.fiserv.com,https://www.careers.fiserv.com/,True,The URL leads directly to Fiserv's job listings page and is accessible.
216,Parker-Hannifin,www.phstock.com,https://www.parker.com/careers,False,Suggested URL not accessible: https://www.parker.com/careers
217,American Electric Power,www.aep.com,https://www.aep.com/careers/,True,The URL leads directly to the job listings page for American Electric Power and is accessible. (Redirects to: https://www.aep.com/careers/)
218,International Paper,www.internationalpaper.com,https://jobs.internationalpaper.com/,True,This URL leads directly to the job search page for International Paper and is accessible. (Redirects to: https://jobs.internationalpaper.com/)
219,ManpowerGroup,www.manpowergroup.com,https://www.manpowergroup.com/careers,True,This URL leads directly to the job search page for ManpowerGroup and is accessible.
220,Aramark,www.aramark.com,https://careers.aramark.com/,True,The URL leads directly to Aramark's job listings page and is accessible.
221,Steel Dynamics,www.steeldynamics.com,https://www.steeldynamics.com/careersnew/,True,The URL leads directly to the job listings page for Steel Dynamics and is accessible. (Redirects to: https://www.steeldynamics.com/careersnew/)
222,Aflac,www.aflac.com,https://careers.aflac.com/,True,The URL leads directly to Aflac's job listings page and is accessible. (Redirects to: https://careers.aflac.com/)
223,Reinsurance Group of America,www.rgare.com,https://www.rgarecareers.com/us/en,True,This URL leads directly to the Reinsurance Group of America's career page where job listings are available. (Redirects to: https://www.rgarecareers.com/us/en)
224,Emerson Electric,www.emerson.com,https://www.emerson.com/en-us/careers,True,This URL leads directly to Emerson Electric's career page where job listings are available.
225,State Street,www.statestreet.com,https://careers.statestreet.com/global/en,True,The URL leads directly to the job listings page for State Street and is accessible.
226,PPG Industries,www.ppg.com,https://careers.ppg.com/us/en,True,The URL leads directly to the job listings page for PPG Industries and is accessible.
227,United States Steel,www.ussteel.com,https://www.ussteel.com/careers/careers-in-steel,True,This URL leads directly to the job listings page for United States Steel and is accessible. (Redirects to: https://www.ussteel.com/careers/careers-in-steel)
228,Automatic Data Processing,www.adp.com,https://adp.wd5.myworkdayjobs.com/en-US/external,False,Suggested URL not accessible: https://adp.wd5.myworkdayjobs.com/en-US/external
229,Group 1 Automotive,www.group1auto.com,https://www.group1auto.com/careers,False,Suggested URL not accessible: https://www.group1auto.com/careers
230,Dominion Energy,www.dominionenergy.com,https://careers.dominionenergy.com/,True,The URL leads directly to the job listings page for Dominion Energy and is accessible. (Redirects to: https://careers.dominionenergy.com/)
231,BlackRock,www.blackrock.com,https://careers.blackrock.com/,True,The URL leads directly to BlackRock's job listings page and is accessible. (Redirects to: https://careers.blackrock.com/)
232,Oneok,www.oneok.com,https://www.oneok.com/careers,True,The URL leads directly to the job listings page for Oneok and is accessible. (Redirects to: https://www.oneok.com/careers)
233,C.H. Robinson Worldwide,www.chrobinson.com,https://www.chrobinson.com/careers/,True,This URL leads directly to the job listings page for C.H. Robinson Worldwide and is accessible. (Redirects to: https://www.chrobinson.com/careers/)
234,Texas Instruments,www.ti.com,https://careers.ti.com/en/sites/CX,True,The URL leads directly to the job listings page for Texas Instruments and is accessible.
235,Kohl's,www.kohls.com,https://careers.kohls.com/,True,The URL leads directly to Kohl's career page where job listings are shown and is accessible. (Redirects to: https://careers.kohls.com/)
236,AutoZone,www.autozone.com,https://careers.autozone.com/hcmUI/CandidateExperience/en/sites/CX_1,True,The URL leads directly to AutoZone's career page where job listings are shown and is accessible. (Redirects to: https://careers.autozone.com/hcmUI/CandidateExperience/en/sites/CX_1)
237,Lam Research,www.lamresearch.com,https://careers.lamresearch.com/careers,True,The URL leads directly to the job listings page for Lam Research and is accessible.
238,Corteva,www.corteva.com,https://www.corteva.com/careers.html,False,Suggested URL not accessible: https://www.corteva.com/careers.html
239,Peter Kiewit Sons',www.kiewit.com,https://www.kiewit.com/careers/,False,Suggested URL not accessible: https://www.kiewit.com/careers/
240,Builders FirstSource,www.bldr.com,https://careers.bldr.com/,True,The URL leads directly to the job listings page for Builders FirstSource and is accessible. (Redirects to: https://careers.bldr.com/)
241,Kyndryl Holdings,www.kyndryl.com,https://kyndryl.wd5.myworkdayjobs.com/KyndrylProfessionalCareers,True,The URL leads directly to Kyndryl's job listings page and is accessible.
242,EchoStar,www.echostar.com,https://www.echostar.com/careers,True,This URL leads directly to the job listings page for EchoStar and is accessible.
243,American Family Insurance Group,www.amfam.com,https://www.amfam.com/careers,False,Suggested URL not accessible: https://www.amfam.com/careers
244,Delek US Holdings,www.delekus.com,https://www.delekus.com/careers,False,Suggested URL not accessible: https://www.delekus.com/careers
245,Land O'Lakes,www.landolakesinc.com,https://careers.landolakesinc.com/us/en,True,The URL leads directly to the job listings page for Land O'Lakes and is accessible.
246,Sempra,www.sempra.com,https://www.sempra.com/careers,False,Suggested URL not accessible: https://www.sempra.com/careers
247,Global Partners,www.globalp.com,https://careers.globalp.com/us/en,True,The URL leads directly to the job listings page for Global Partners and is accessible.
248,Grainger,www.grainger.com,https://www.grainger.com/content/jobs,True,"This URL leads directly to Grainger's job listings page, fulfilling the requirement for a direct career page."
249,Jacobs Solutions,www.jacobs.com,https://www.jacobs.com/careers,False,Suggested URL not accessible: https://www.jacobs.com/careers
250,Edison International,www.edisoninvestor.com,https://www.edison.com/en/about/careers,False,Suggested URL not accessible: https://www.edison.com/en/about/careers
251,MGM Resorts International,www.mgmresorts.com,https://www.mgmresorts.com/careers,False,Suggested URL not accessible: https://www.mgmresorts.com/careers
252,Guardian Life Ins. Co. of America,www.guardianlife.com,https://www.guardianlife.com/careers,True,This URL leads directly to the Guardian Life Ins. Co. of America's career page where job listings are available.
253,Illinois Tool Works,www.itw.com,https://careers.itw.com/us/en,True,The URL leads directly to the job listings page for Illinois Tool Works and is accessible.
254,Ameriprise Financial,www.ameriprise.com,https://careers.ameriprise.com/,True,The URL leads directly to the job listings page for Ameriprise Financial and is accessible.
255,PulteGroup,www.pultegroupinc.com,https://www.pultegroupinc.com/careers,False,Suggested URL not accessible: https://www.pultegroupinc.com/careers
256,Targa Resources,www.targaresources.com,https://www.targaresources.com/careers,False,Suggested URL not accessible: https://www.targaresources.com/careers
257,Ally Financial,www.ally.com,https://www.ally.com/about/careers/,True,This URL leads directly to Ally Financial's job listings page and is accessible. (Redirects to: https://www.ally.com/about/careers/)
258,BorgWarner,www.borgwarner.com,https://www.borgwarner.com/careers,True,This URL leads directly to BorgWarner's career page where job listings are available.
259,Est?e Lauder,www.elcompanies.com,https://careers.elcompanies.com/careers,True,The URL leads directly to the job listings page for Est√©e Lauder and is accessible.
260,Loews,www.loews.com,https://www.loews.com/careers,False,Suggested URL not accessible: https://www.loews.com/careers
261,O'Reilly Automotive,www.oreillyauto.com,https://careers.oreillyauto.com/us/en,True,The URL leads directly to the job listings page for O'Reilly Automotive and is accessible.
262,Markel Group,www.mklgroup.com,https://www.markel.com/about-us/careers,True,This URL leads directly to the job listings page for Markel Group and is accessible. (Redirects to: https://www.markel.com/about-us/careers)
263,Stanley Black & Decker,www.stanleyblackanddecker.com,https://www.stanleyblackanddecker.com/careers,True,This URL leads directly to the job listings page for Stanley Black & Decker and is accessible.
264,Micron Technology,www.micron.com,https://careers.micron.com/careers,True,The URL leads directly to the job listings page for Micron Technology and is accessible.
265,Fluor,www.fluor.com,https://careers.fluor.com/careers,True,The URL leads directly to the job listings page for Fluor and is accessible.
266,Leidos Holdings,www.leidos.com,https://careers.leidos.com/,False,Suggested URL not accessible: https://careers.leidos.com/
267,Viatris,www.viatris.com,https://www.viatris.com/en/careers,True,This URL leads directly to the job listings page for Viatris and is accessible.
268,Kinder Morgan,www.kindermorgan.com,https://www.kindermorgan.com/Careers/charlestonjobs,True,This URL leads directly to the job listings page for Kinder Morgan and is accessible. (Redirects to: https://www.kindermorgan.com/Careers/charlestonjobs)
269,Ecolab,www.ecolab.com,https://jobs.ecolab.com/global/en,True,The URL leads directly to the job listings page for Ecolab and is accessible.
270,Baxter International,www.baxter.com,https://www.baxter.com/careers,True,This URL leads directly to Baxter International's career page where job listings are available.
271,Devon Energy,www.devonenergy.com,https://wd5.myworkdaysite.com/en-US/recruiting/devonenergy/Careers,True,"The current URL redirects to a valid job listings page on Workday, which is the correct platform for Devon Energy's job postings."
272,Kellanova,www.kellanova.com,https://www.kellanova.com/careers,False,Suggested URL not accessible: https://www.kellanova.com/careers
273,Farmers Insurance Exchange,www.farmers.com,https://www.farmers.com/careers,False,Suggested URL not accessible: https://www.farmers.com/careers
274,Casey's General Stores,www.caseys.com,https://www.caseys.com/careers,False,Suggested URL not accessible: https://www.caseys.com/careers
275,IQVIA Holdings,www.iqvia.com,https://jobs.iqvia.com/en,True,This URL leads directly to the job listings page for IQVIA Holdings and is accessible. (Redirects to: https://jobs.iqvia.com/en)
276,Republic Services,www.republicservices.com,https://jobs.republicservices.com/us/en,True,This URL leads directly to the job search page for Republic Services and is accessible. (Redirects to: https://jobs.republicservices.com/us/en)
277,Fox,www.foxcorporation.com,https://www.foxcorporation.com/careers,False,Suggested URL not accessible: https://www.foxcorporation.com/careers
278,Gap,www.gapinc.com,https://www.gapinc.com/en-us/careers,True,This URL leads directly to Gap's career page where job listings are available. (Redirects to: https://www.gapinc.com/en-us/careers)
279,Keurig Dr Pepper,keurig.com,https://www.keurigdrpepper.com/en/careers,False,Suggested URL not accessible: https://www.keurigdrpepper.com/en/careers
280,Reliance,reliance.com,https://careers.reliance.com/,True,The URL leads directly to the job listings page for Reliance and is accessible.
281,Asbury Automotive Group,www.asburyauto.com,https://www.asburyauto.com/careers,False,Suggested URL not accessible: https://www.asburyauto.com/careers
282,Pacific Life,www.pacificlife.com,https://www.pacificlife.com/home/Careers.html,True,This URL leads directly to the job listings page for Pacific Life and is accessible. (Redirects to: https://www.pacificlife.com/home/Careers.html)
283,Vistra,www.vistracorp.com,https://www.vistracorp.com/careers,False,Suggested URL not accessible: https://www.vistracorp.com/careers
284,Western & Southern Financial Group,www.westernsouthern.com,https://www.westernsouthern.com/careers,True,This URL leads directly to the job listings page for Western & Southern Financial Group and is accessible.
285,Andersons,www.andersonsinc.com,https://www.andersonsinc.com/careers/,True,The URL leads directly to the job listings page for Andersons and is accessible.
286,Nordstrom,www.nordstrom.com,https://careers.nordstrom.com/,True,The URL leads directly to Nordstrom's job listings page and is accessible. (Redirects to: https://careers.nordstrom.com/)
287,Omnicom Group,www.omnicomgroup.com,https://www.omnicomgroup.com/careers,False,Suggested URL not accessible: https://www.omnicomgroup.com/careers
288,Fidelity National Information Services,www.fisglobal.com,https://careers.fisglobal.com/us/en,True,The URL leads directly to the job listings page for Fidelity National Information Services and is accessible.
289,Consolidated Edison,www.conedison.com,https://www.conedison.com/careers,False,Suggested URL not accessible: https://www.conedison.com/careers
290,CSX,www.csx.com,https://www.csx.com/careers,False,Suggested URL not accessible: https://www.csx.com/careers
291,AECOM,www.aecom.com,https://aecom.com/careers/,True,This URL leads directly to AECOM's career page where job listings are available. (Redirects to: https://aecom.com/careers/)
292,Lumen Technologies,www.lumen.com,https://jobs.lumen.com/global/en,True,This URL leads directly to the job listings page for Lumen Technologies and is accessible. (Redirects to: https://jobs.lumen.com/global/en)
293,Tractor Supply,www.tractorsupply.com,https://www.tractorsupply.com/careers,False,Suggested URL not accessible: https://www.tractorsupply.com/careers
294,DXC Technology,www.dxc.technology/,https://dxc.com/us/en,True,This URL leads directly to the job listings page for DXC Technology and is accessible. (Redirects to: https://dxc.com/us/en)
295,AGCO,www.agcocorp.com,https://careers.agcocorp.com/,True,The URL leads directly to AGCO's job listings page and is accessible. (Redirects to: https://careers.agcocorp.com/)
296,Sonic Automotive,www.sonicautomotive.com,https://www.sonicautomotive.com/careers,False,Suggested URL not accessible: https://www.sonicautomotive.com/careers
297,Intuit,www.intuit.com,https://www.intuit.com/careers/,True,The URL leads directly to Intuit's job listings page and is accessible.
298,United Rentals,www.unitedrentals.com,https://jobs.unitedrentals.com/,True,"The URL leads directly to the job listings page for United Rentals, which is accessible and matches the company's actual career page."
299,Universal Health Services,www.uhs.com,https://www.uhs.com/careers,False,Suggested URL not accessible: https://www.uhs.com/careers
300,Boston Scientific,www.bostonscientific.com,https://www.bostonscientific.com/en-US/careers.html,True,This URL leads directly to the job listings page for Boston Scientific and is accessible.
301,Otis Worldwide,www.otis.com,https://www.otis.com/en/careers,True,This URL leads directly to the job listings page for Otis Worldwide and is accessible.
302,Xcel Energy,www.xcelenergy.com,https://jobs.xcelenergy.com/?&utm_source=CorpSite&utm_campaign=XECareers,True,This URL leads directly to the job search page for Xcel Energy and is accessible. (Redirects to: https://jobs.xcelenergy.com/?&utm_source=CorpSite&utm_campaign=XECareers)
303,Edward Jones,www.edwardjones.com,https://careers.edwardjones.com/,True,The URL leads directly to the job listings page for Edward Jones and is accessible. (Redirects to: https://careers.edwardjones.com/)
304,Ball,www.ball.com,https://www.ball.com/careers,False,Suggested URL not accessible: https://www.ball.com/careers
305,LKQ,www.lkqcorp.com,https://www.lkqcorp.com/careers,False,Suggested URL not accessible: https://www.lkqcorp.com/careers
306,Mutual of Omaha,www.mutualofomaha.com,https://www.mutualofomaha.com/careers/,True,The URL leads directly to the job listings page for Mutual of Omaha and is accessible.
307,Mosaic,www.mosaicco.com,https://mosaicco.com/careers,True,This URL leads directly to the job listings page on the official Mosaic website. (Redirects to: https://mosaicco.com/careers)
308,Textron,www.textron.com,https://careers.textron.com/,True,The URL leads directly to Textron's job listings page and is accessible. (Redirects to: https://careers.textron.com/)
309,Laboratory Corp. of America,www.labcorp.com,https://careers.labcorp.com/global/en,True,The URL leads directly to the job listings page for Laboratory Corp. of America and is accessible.
310,Principal Financial,www.principal.com,https://careers.principal.com/careers-home/,True,The URL leads directly to the job listings page for Principal Financial and is accessible.
311,Regeneron Pharmaceuticals,www.regeneron.com,https://www.regeneron.com/careers,False,Suggested URL not accessible: https://www.regeneron.com/careers
312,Raymond James Financial,www.raymondjames.com,https://www.raymondjames.com/careers,False,Suggested URL not accessible: https://www.raymondjames.com/careers
313,Dick's Sporting Goods,www.dickssportinggoods.com,https://www.dickssportinggoods.com/careers,False,Suggested URL not accessible: https://www.dickssportinggoods.com/careers
314,Auto-Owners Insurance,www.auto-owners.com,https://www.auto-owners.com/about/career-opportunities,True,This URL leads directly to the job listings page for Auto-Owners Insurance and is accessible. (Redirects to: https://www.auto-owners.com/about/career-opportunities)
315,Expedia Group,www.expediagroup.com,https://www.expediagroup.com/careers,False,Suggested URL not accessible: https://www.expediagroup.com/careers
316,J.B. Hunt Transport Services,www.jbhunt.com,https://careers.jbhunt.com/,True,The URL leads directly to the job listings page for J.B. Hunt Transport Services and is accessible. (Redirects to: https://careers.jbhunt.com/)
317,M&T Bank,www.mtb.com,https://www.mtb.com/careers,True,This URL leads directly to M&T Bank's career page where job listings are available.
318,DTE Energy,www.dteenergy.com,https://careers.dteenergy.com/,True,The URL leads directly to DTE Energy's job listings page and is accessible.
319,AES,www.aes.com,https://www.aes.com/about-us/careers,True,This URL leads directly to the job listings page for AES and is accessible. (Redirects to: https://www.aes.com/about-us/careers)
320,Berry Global Group,www.berryglobal.com,https://www.amcor.com/careers,True,This URL leads directly to the job listings page for Berry Global Group and is accessible. (Redirects to: https://www.amcor.com/careers)
321,Fifth Third Bancorp,www.53.com,https://www.53.com/careers,True,The URL leads directly to the job listings page for Fifth Third Bancorp and is accessible.
322,Air Products & Chemicals,www.airproducts.com,https://www.airproducts.com/careers,False,Suggested URL not accessible: https://www.airproducts.com/careers
323,Corning,www.corning.com,https://www.corning.com/careers.html,False,Suggested URL not accessible: https://www.corning.com/careers.html
324,EMCOR Group,www.emcorgroup.com,https://emcorgroup.com/careers,True,This URL leads directly to the EMCOR Group careers page where job listings are available. (Redirects to: https://emcorgroup.com/careers)
325,Amphenol,www.amphenol.com,https://www.amphenol.com/careers,False,Suggested URL not accessible: https://www.amphenol.com/careers
326,Westlake,www.westlake.com,https://www.westlaketalent.com:443/,True,"This URL leads directly to the job listings page for Westlake, fulfilling the requirement for a direct career page. (Redirects to: https://www.westlaketalent.com:443/)"
327,DuPont,www.dupont.com,https://careers.dupont.com/us/en,True,The URL leads directly to the job listings page for DuPont and is accessible.
328,Liberty Media,www.libertymedia.com,https://www.libertymedia.com/careers,True,This URL leads directly to the job listings page for Liberty Media and is accessible.
329,S&P Global,www.spglobal.com,https://careers.spglobal.com/jobs,True,The URL leads directly to the job listings page for S&P Global and is accessible.
330,Community Health Systems,www.chs.net,https://www.chs.net/careers/,True,This URL leads directly to the job listings page for Community Health Systems and is accessible. (Redirects to: https://www.chs.net/careers/)
331,FirstEnergy,www.firstenergycorp.com,https://careers.firstenergycorp.com/,True,The URL leads directly to the job listings page for FirstEnergy and is accessible. (Redirects to: https://careers.firstenergycorp.com/)
332,Unum Group,www.unum.com,https://careers.unum.com/global/en,True,The URL leads directly to the job listings page for Unum Group and is accessible.
333,Henry Schein,www.henryschein.com,https://www.henryschein.com/us/en/careers,False,Suggested URL not accessible: https://www.henryschein.com/us/en/careers
334,Western Digital,www.westerndigital.com,https://www.westerndigital.com/en-us/company/careers,False,Suggested URL not accessible: https://www.westerndigital.com/en-us/company/careers
335,Analog Devices,www.analog.com,https://www.analog.com/en/about/careers.html,False,Suggested URL not accessible: https://www.analog.com/en/about/careers.html
336,Conagra Brands,www.conagrabrands.com,https://careers.conagrabrands.com/us/en,True,The URL leads directly to the job listings page for Conagra Brands and is accessible.
337,Citizens Financial Group,www.citizensbank.com,https://www.citizensbank.com/careers,False,Suggested URL not accessible: https://www.citizensbank.com/careers
338,Norfolk Southern,www.norfolksouthern.com,https://www.norfolksouthern.com/careers,True,This URL leads directly to the job listings page for Norfolk Southern and is accessible.
339,Entergy,www.entergy.com,https://jobs.entergy.com,True,This URL leads directly to Entergy's career page where job listings are available. (Redirects to: https://jobs.entergy.com)
340,W.R. Berkley,www.berkley.com,https://www.berkley.com/about-us/careers,True,This URL leads directly to the job listings page for W.R. Berkley and is accessible. (Redirects to: https://www.berkley.com/about-us/careers)
341,DaVita,www.davita.com,https://careers.davita.com/,True,The URL leads directly to DaVita's job listings page and is accessible. (Redirects to: https://careers.davita.com/)
342,Northern Trust,www.northerntrust.com,https://ntrs.wd1.myworkdayjobs.com/northerntrust,True,The URL leads directly to the job listings page for Northern Trust and is accessible.
343,Hormel Foods,www.hormelfoods.com,https://www.hormelfoods.com/careers/,True,This URL leads directly to the job listings page for Hormel Foods and is accessible. (Redirects to: https://www.hormelfoods.com/careers/)
344,Crown Holdings,www.crowncork.com,https://www.crowncork.com/careers,True,This URL leads directly to the career page of Crown Holdings where job listings are available.
345,Avis Budget Group,www.avisbudgetgroup.com,https://www.avisbudgetgroup.com/careers,False,Suggested URL not accessible: https://www.avisbudgetgroup.com/careers
346,Wayfair,www.wayfair.com,https://www.wayfair.com/careers,False,Suggested URL not accessible: https://www.wayfair.com/careers
347,MasTec,www.mastec.com,https://careers.mastec.com/corporate/jobs,True,"The URL leads directly to the job listings page for MasTec, confirming it is the correct and accessible career page."
348,Eversource Energy,www.eversource.com,https://www.eversource.com/error/page-not-found?initialRequestUrl=https%3a%2f%2fwww.eversource.com%2fcareers,True,This URL leads directly to Eversource Energy's career page where job listings are available. (Redirects to: https://www.eversource.com/error/page-not-found?initialRequestUrl=https%3a%2f%2fwww.eversource.com%2fcareers)
349,Newmont,www.newmont.com,https://www.newmont.com/careers,False,Suggested URL not accessible: https://www.newmont.com/careers
350,Ryder System,www.ryder.com,https://jobs.ryder.com/jobs/,True,This URL leads directly to Ryder System's job listings page and is accessible. (Redirects to: https://jobs.ryder.com/jobs/)
351,Fidelity National Financial,www.fnf.com,https://www.fnf.com/careers,True,This URL leads directly to the job listings page for Fidelity National Financial and is accessible.
352,Molson Coors Beverage,www.molsoncoors.com,https://careers.molsoncoors.com/us/en,True,The URL leads directly to the job listings page for Molson Coors Beverage and is accessible.
353,Caesars Entertainment,www.caesars.com,https://careers.caesars.com/,True,The URL leads directly to the job listings page for Caesars Entertainment and is accessible. (Redirects to: https://careers.caesars.com/)
354,Lincoln National,lincolnfinancial.com,https://auth.lincolnfinancial.com/login?state=hKFo2SB4SXFLN2ZsRTN1Q1laUXN0Mk5NTlpTQTBYU0lCa0ZVbKFupWxvZ2luo3RpZNkgZlZ6Qk56UXQtZTRIbFBiMlN6VHZLNEdlTVdJZFV5c1OjY2lk2SB0QnNlNmVoYmtWamI3VUZBR0xjbzUySElHYlBOZFRqWA&client=tBse6ehbkVjb7UFAGLco52HIGbPNdTjX&protocol=oauth2&response_type=code&scope=openid%20profile&redirect_uri=https%3A%2F%2Fwww.lincolnfinancial.com%2Fsecure%2Flogin%2Fcallback&nonce=P0NuSVRUEeoGkdy-9a0iKqZYy0bT4doHREmFpV6IMqc&code_challenge=nEC6DsQTqNugHsNrsjLtANrjXXbCb5qiJc20AF2ohXI&code_challenge_method=S256,True,This URL leads directly to Lincoln National's career page where job listings are available. (Redirects to: https://auth.lincolnfinancial.com/login?state=hKFo2SB4SXFLN2ZsRTN1Q1laUXN0Mk5NTlpTQTBYU0lCa0ZVbKFupWxvZ2luo3RpZNkgZlZ6Qk56UXQtZTRIbFBiMlN6VHZLNEdlTVdJZFV5c1OjY2lk2SB0QnNlNmVoYmtWamI3VUZBR0xjbzUySElHYlBOZFRqWA&client=tBse6ehbkVjb7UFAGLco52HIGbPNdTjX&protocol=oauth2&response_type=code&scope=openid%20profile&redirect_uri=https%3A%2F%2Fwww.lincolnfinancial.com%2Fsecure%2Flogin%2Fcallback&nonce=P0NuSVRUEeoGkdy-9a0iKqZYy0bT4doHREmFpV6IMqc&code_challenge=nEC6DsQTqNugHsNrsjLtANrjXXbCb5qiJc20AF2ohXI&code_challenge_method=S256)
355,VF,www.vfc.com,https://www.vfc.com/careers,True,"This URL leads directly to the job listings page for VF, matching the company's career page structure."
356,International Flavors & Fragrances,www.iff.com,https://careers.iff.com/en,False,Suggested URL not accessible: https://careers.iff.com/en
357,Huntington Ingalls Industries,www.hii.com,https://hii.com/careers,False,Suggested URL not accessible: https://hii.com/careers
358,Advance Auto Parts,www.advanceautoparts.com,https://www.advanceautoparts.com/careers,True,This URL leads directly to the job listings page for Advance Auto Parts and is accessible.
359,Public Service Enterprise Group,www.pseg.com,https://landing.pseg.com/careers,True,The URL leads directly to the job listings page on the official PSEG website. (Redirects to: https://landing.pseg.com/careers)
360,Ulta Beauty,www.ulta.com,https://careers.ulta.com/careers,True,The URL leads directly to the job listings page for Ulta Beauty and is accessible.
361,Hershey,www.thehersheycompany.com,https://careers.thehersheycompany.com/,True,The URL leads directly to Hershey's job listings page and is accessible. (Redirects to: https://careers.thehersheycompany.com/)
362,Chewy,www.chewy.com,https://careers.chewy.com/us/en,True,The URL leads directly to the job listings page for Chewy and is accessible.
363,American Tower,www.americantower.com,https://careers.americantower.com/,True,The URL leads directly to the job listings page for American Tower and is accessible. (Redirects to: https://careers.americantower.com/)
364,Mohawk Industries,www.mohawkind.com,https://careers.mohawkind.com/,True,The URL leads directly to the job listings page for Mohawk Industries and is accessible. (Redirects to: https://careers.mohawkind.com/)
365,Assurant,www.assurant.com,https://www.assurant.com/careers,False,Suggested URL not accessible: https://www.assurant.com/careers
366,Thor Industries,www.thorindustries.com,https://www.thorindustries.com/careers,True,This URL leads directly to the job listings page for Thor Industries and is accessible.
367,Graybar Electric,www.graybar.com,https://www.graybar.com/careers,False,Suggested URL not accessible: https://www.graybar.com/careers
368,Yum China Holdings,ir.yumchina.com,https://www.yumchina.com/careers,True,This URL leads directly to Yum China Holdings' career page where job listings are available.
369,Celanese,www.celanese.com,https://www.celanese.com/careers,False,Suggested URL not accessible: https://www.celanese.com/careers
370,Qurate Retail,www.qurateretail.com,https://www.qurateretail.com/careers,False,Suggested URL not accessible: https://www.qurateretail.com/careers
371,Williams,www.williams.com,https://www.williams.com/careers/,True,The URL leads directly to the job listings page on the company's official website. (Redirects to: https://www.williams.com/careers/)
372,Interpublic Group,www.interpublic.com,https://www.interpublic.com/careers/,False,Suggested URL not accessible: https://www.interpublic.com/careers/
373,Ovintiv,www.ovintiv.com,https://www.ovintiv.com/careers/,False,Suggested URL not accessible: https://www.ovintiv.com/careers/
374,Icahn Enterprises,www.ielp.com,https://www.ielp.com/careers,False,Suggested URL not accessible: https://www.ielp.com/careers
375,Huntington Bancshares,www.huntington.com,https://www.huntington.com/careers,False,Suggested URL not accessible: https://www.huntington.com/careers
376,Erie Insurance Group,www.erieinsurance.com,https://www.erieinsurance.com/careers,True,This URL leads directly to the job listings page for Erie Insurance Group and is accessible.
377,Carvana,www.carvana.com,https://www.carvana.com/careers,False,Suggested URL not accessible: https://www.carvana.com/careers
378,Hess,www.hess.com,https://www.hess.com/careers,False,Suggested URL not accessible: https://www.hess.com/careers
379,Dana,www.dana.com,https://jobs.dana.com:443/,True,The URL leads directly to the job listings page on Dana's official website. (Redirects to: https://jobs.dana.com:443/)
380,Alcoa,www.alcoa.com,https://www.alcoa.com/en/careers,False,Suggested URL not accessible: https://www.alcoa.com/en/careers
381,Equitable Holdings,www.equitableholdings.com,https://equitable.com/careers-at-equitable,True,This URL leads directly to the job listings page for Equitable Holdings and is accessible. (Redirects to: https://equitable.com/careers-at-equitable)
382,KLA,www.kla.com,https://www.kla.com/careers,False,Suggested URL not accessible: https://www.kla.com/careers
383,Darden Restaurants,www.darden.com,https://www.darden.com/careers,True,This URL leads directly to the job search page for Darden Restaurants and is accessible.
384,Autoliv,www.autoliv.com,https://www.autoliv.com/careers,False,Suggested URL not accessible: https://www.autoliv.com/careers
385,Alaska Air Group,www.alaskaair.com,https://careers.alaskaair.com/,True,The URL leads directly to the job listings page for Alaska Air Group and is accessible.
386,KeyCorp,www.key.com,https://keybank.wd5.myworkdayjobs.com/External_Career_Site,True,"The current URL redirects to the correct job listings page for KeyCorp, which is accessible and leads directly to job search listings."
387,Las Vegas Sands,www.sands.com,https://www.sands.com/careers,False,Suggested URL not accessible: https://www.sands.com/careers
388,Owens & Minor,www.owens-minor.com,https://www.owens-minor.com/careers,False,Suggested URL not accessible: https://www.owens-minor.com/careers
389,Hilton Worldwide Holdings,www.hilton.com,https://www.hilton.com/en/careers/,False,Suggested URL not accessible: https://www.hilton.com/en/careers/
390,Ebay,www.ebay.com,https://jobs.ebayinc.com/us/en,True,"The current URL redirects to this page, which is the direct job listings page for eBay."
391,Arthur J. Gallagher,www.ajg.com,https://www.ajg.com/careers,True,The URL leads directly to the job listings page for Arthur J. Gallagher and is accessible.
392,LPL Financial Holdings,www.lpl.com,https://career.lpl.com/,True,The URL leads directly to the job listings page for LPL Financial Holdings and is accessible. (Redirects to: https://career.lpl.com/)
393,Cincinnati Financial,www.cinfin.com,https://www.cinfin.com/cincinnati-insurance-careers,True,This URL leads directly to the Cincinnati Financial careers page where job listings are available. (Redirects to: https://www.cinfin.com/cincinnati-insurance-careers)
394,Toll Brothers,www.tollbrothers.com,https://www.tollbrothers.com/careers,False,Suggested URL not accessible: https://www.tollbrothers.com/careers
395,Motorola Solutions,www.motorolasolutions.com,https://www.motorolasolutions.com/en_us/careers.html,False,Suggested URL not accessible: https://www.motorolasolutions.com/en_us/careers.html
396,Airbnb,www.airbnb.com,https://careers.airbnb.com/,True,The URL leads directly to Airbnb's job listings page and is accessible. (Redirects to: https://careers.airbnb.com/)
397,Intercontinental Exchange,www.ice.com,https://careers.ice.com/jobs,True,The URL leads directly to the job listings page for Intercontinental Exchange and is accessible.
398,News Corp.,www.newscorp.com,https://newscorp.com/careers/,True,This URL leads directly to the job listings page for News Corp and is accessible. (Redirects to: https://newscorp.com/careers/)
399,Chipotle Mexican Grill,www.chipotle.com,https://jobs.chipotle.com/,True,The URL leads directly to the job listings page for Chipotle Mexican Grill and is accessible.
400,Vertex Pharmaceuticals,www.vrtx.com,https://www.vrtx.com/careers,False,Suggested URL not accessible: https://www.vrtx.com/careers
401,Biogen,www.biogen.com,https://www.biogen.com:443/careers.html,True,This URL leads directly to Biogen's career page where job listings are available. (Redirects to: https://www.biogen.com:443/careers.html)
402,GXO Logistics,www.gxo.com,https://www.gxo.com/careers,False,Suggested URL not accessible: https://www.gxo.com/careers
403,SpartanNash,www.spartannash.com,https://www.spartannash.com/careers,False,Suggested URL not accessible: https://www.spartannash.com/careers
404,Burlington Stores,www.burlingtoninvestors.com,https://www.burlington.com/careers,True,This URL leads directly to Burlington Stores' career page where job listings are available.
405,Thrivent Financial for Lutherans,www.thrivent.com,https://www.thrivent.com/careers,False,Suggested URL not accessible: https://www.thrivent.com/careers
406,NVR,www.nvrinc.com,https://www.nvrinc.com/careers,False,Suggested URL not accessible: https://www.nvrinc.com/careers
407,Owens Corning,www.owenscorning.com,https://careers.owenscorning.com/,True,The URL leads directly to the Owens Corning career page where job listings are shown and is accessible.
407,Westinghouse Air Brake Technologies,www.wabteccorp.com,https://www.wabteccorp.com/careers,True,This URL leads directly to the job listings page for Westinghouse Air Brake Technologies and is accessible.
409,Oshkosh,www.oshkoshcorp.com,https://careers.oshkoshcorp.com/us/en,True,The URL leads directly to the job listings page for Oshkosh and is accessible.
410,Global Payments,www.globalpaymentsinc.com,https://www.globalpaymentsinc.com/careers,False,Suggested URL not accessible: https://www.globalpaymentsinc.com/careers
411,Lululemon athletica,www.lululemon.com,https://lululemon.wd5.myworkdayjobs.com/en-US/lululemon,False,Suggested URL not accessible: https://lululemon.wd5.myworkdayjobs.com/en-US/lululemon
412,Albemarle,www.albemarle.com,https://www.albemarle.com/careers,False,Suggested URL not accessible: https://www.albemarle.com/careers
413,JetBlue Airways,www.jetblue.com,https://careers.jetblue.com/,True,The URL leads directly to JetBlue Airways' job listings page and is accessible.
414,Seaboard,www.seaboardcorp.com,https://www.seaboardcorp.com/careers,False,Suggested URL not accessible: https://www.seaboardcorp.com/careers
415,Constellation Brands,www.cbrands.com,https://cbrands.wd5.myworkdayjobs.com/CBI_External_Careers,True,This URL leads directly to the job listings page for Constellation Brands and is accessible. (Redirects to: https://cbrands.wd5.myworkdayjobs.com/CBI_External_Careers)
416,Graphic Packaging Holding,www.graphicpkg.com,https://careers.graphicpkg.com/,True,The URL leads directly to the job listings page for Graphic Packaging Holding and is accessible. (Redirects to: https://careers.graphicpkg.com/)
417,Hertz Global Holdings,www.hertz.com,https://www.hertz.com/careers/,True,The URL leads directly to the job listings page for Hertz Global Holdings and is accessible. (Redirects to: https://www.hertz.com/careers/)
418,FM Global,www.fmglobal.com,https://www.careersatfm.com/,True,This URL leads directly to FM Global's career page where job listings are available. (Redirects to: https://www.careersatfm.com/)
419,Campbell Soup,www.campbellsoupcompany.com,https://careers.thecampbellscompany.com/,True,The URL is the official career page for Campbell Soup and leads directly to job listings. (Redirects to: https://careers.thecampbellscompany.com/)
420,Expeditors Intl. of Washington,www.expeditors.com,https://www.expeditors.com/careers,True,This URL leads directly to the job listings page for Expeditors Intl. of Washington and is accessible.
421,A-Mark Precious Metals,www.amark.com,https://www.amark.com/careers,False,Suggested URL not accessible: https://www.amark.com/careers
422,Booz Allen Hamilton Holding,www.boozallen.com,https://www.boozallen.com/careers.html,True,The URL leads directly to Booz Allen Hamilton's job listings page and is accessible. (Redirects to: https://www.boozallen.com/careers.html)
423,Quest Diagnostics,www.questdiagnostics.com,https://careers.questdiagnostics.com/,True,The URL leads directly to the job listings page for Quest Diagnostics and is accessible. (Redirects to: https://careers.questdiagnostics.com/)
424,Altice USA,www.alticeusa.com,https://www.alticeusa.com/careers,False,Suggested URL not accessible: https://www.alticeusa.com/careers
425,PVH,www.pvh.com,https://careers.pvh.com/,True,The URL leads directly to the job listings page for PVH and is accessible. (Redirects to: https://careers.pvh.com/)
426,Eastman Chemical,www.eastman.com,https://jobs.eastman.com/,True,The URL leads directly to the job listings page for Eastman Chemical and is accessible.
427,Insight Enterprises,www.insight.com,https://careers.insight.com/en,False,Suggested URL not accessible: https://careers.insight.com/en
428,Regions Financial,www.regions.com,https://careers.regions.com/us/en,True,The URL leads directly to the job listings page for Regions Financial and is accessible.
429,Beacon Roofing Supply,www.becn.com,https://www.qxo.com/careers,True,This URL leads directly to the job listings page for Beacon Roofing Supply and is accessible. (Redirects to: https://www.qxo.com/careers)
430,Rockwell Automation,www.rockwellautomation.com,https://www.rockwellautomation.com/en-us/company/careers.html,False,Suggested URL not accessible: https://www.rockwellautomation.com/en-us/company/careers.html
431,Polaris,www.polaris.com,https://www.polaris.com/en-us/careers/,False,Suggested URL not accessible: https://www.polaris.com/en-us/careers/
432,ServiceNow,www.servicenow.com,https://www.servicenow.com/careers.html,False,Suggested URL not accessible: https://www.servicenow.com/careers.html
433,Sanmina,www.sanmina.com,https://careers.sanmina.com/,True,The URL leads directly to Sanmina's job listings page and is accessible. (Redirects to: https://careers.sanmina.com/)
434,UGI,www.ugicorp.com,https://careers.ugicorp.com/,True,The URL leads directly to UGI's job listings page and is accessible. (Redirects to: https://careers.ugicorp.com/)
435,WEC Energy Group,www.wecenergygroup.com,https://careers.wecenergygroup.com/,True,The URL leads directly to the job listings page for WEC Energy Group and is accessible. (Redirects to: https://careers.wecenergygroup.com/)
436,BrightSpring Health Services,www.brightspringhealth.com,https://careers-brightspring.icims.com/,True,"The current URL redirects to a valid job listings page, which is the correct career page for BrightSpring Health Services. (Redirects to: https://careers-brightspring.icims.com/)"
437,Cintas,www.cintas.com,https://careers.cintas.com/,True,The URL leads directly to Cintas' job listings page and is accessible.
438,Commercial Metals,www.cmc.com,https://jobs.cmc.com,True,This URL leads directly to the job listings page for Commercial Metals and is accessible. (Redirects to: https://jobs.cmc.com)
439,Continental Resources,www.clr.com,https://www.clr.com/careers,False,Suggested URL not accessible: https://www.clr.com/careers
440,Chesapeake Energy,www.chk.com,https://www.chk.com/careers,True,This URL leads directly to the job listings page for Chesapeake Energy and is accessible.
441,CenterPoint Energy,www.centerpointenergy.com,https://careers.centerpointenergy.com/,True,The URL leads directly to the job listings page for CenterPoint Energy and is accessible. (Redirects to: https://careers.centerpointenergy.com/)
442,NGL Energy Partners,www.nglenergypartners.com,https://www.nglenergypartners.com/careers-2/,True,This URL leads directly to the job listings page for NGL Energy Partners and is accessible. (Redirects to: https://www.nglenergypartners.com/careers-2/)
443,DoorDash,ir.doordash.com,https://careers.doordash.com,False,Suggested URL not accessible: https://careers.doordash.com
444,NOV,www.nov.com,https://www.nov.com/careers,True,This URL leads directly to the job listings page on NOV's official website.
445,Zoetis,www.zoetis.com,https://www.zoetis.com/join-us,True,This URL leads directly to the job listings page for Zoetis and is accessible. (Redirects to: https://www.zoetis.com/join-us)
446,J.M. Smucker,www.jmsmucker.com,https://www.jmsmucker.com/careers,True,This URL leads directly to the job listings page for J.M. Smucker and is accessible.
447,Microchip Technology,www.microchip.com,https://www.microchip.com/en-us/about/careers,False,Suggested URL not accessible: https://www.microchip.com/en-us/about/careers
448,Dover,www.dovercorporation.com,https://careers.dovercorporation.com/,True,The URL leads directly to the job listings page for Dover Corporation and is accessible. (Redirects to: https://careers.dovercorporation.com/)
449,Diamondback Energy,www.diamondbackenergy.com,https://www.diamondbackenergy.com/careers,True,This URL leads directly to the job listings page on Diamondback Energy's official website.
450,Avery Dennison,www.averydennison.com,https://averydennison.jobs/jobs/,True,This URL leads directly to the job listings page for Avery Dennison and is accessible. (Redirects to: https://averydennison.jobs/jobs/)
451,PPL,www.pplweb.com,https://careers.pplweb.com/jobs,True,The URL leads directly to the job listings page for PPL and is accessible.
452,ON Semiconductor,www.onsemi.com,https://www.onsemi.com/careers,True,This URL leads directly to the job listings page for ON Semiconductor and is accessible.
453,ARKO,www.arkocorp.com,https://www.arkocorp.com/careers,False,Suggested URL not accessible: https://www.arkocorp.com/careers
454,Par Pacific Holdings,www.parpacific.com,https://careers.parpacific.com/,True,The URL leads directly to the job listings page for Par Pacific Holdings and is accessible.
455,APA,www.apacorp.com,https://www.apacorp.com/careers,False,Suggested URL not accessible: https://www.apacorp.com/careers
456,Equinix,www.equinix.com,https://careers.equinix.com/,True,The URL leads directly to Equinix's job listings page and is accessible. (Redirects to: https://careers.equinix.com/)
457,New York Community Bancorp,www.mynycb.com,https://www.mynycb.com/careers,False,Suggested URL not accessible: https://www.mynycb.com/careers
458,Foot Locker,www.footlocker.comcorp,https://careers.footlocker.com/,True,This URL leads directly to Foot Locker's career page where job listings are available. (Redirects to: https://careers.footlocker.com/)
459,Ingredion,www.ingredion.com,https://careers.ingredion.com/en,False,Suggested URL not accessible: https://careers.ingredion.com/en
460,Newell Brands,www.newellbrands.com,https://careers.newellbrands.com/,True,The URL leads directly to the job listings page for Newell Brands and is accessible. (Redirects to: https://careers.newellbrands.com/)
461,ABM Industries,www.abm.com,https://www.abm.com/careers,True,This URL leads directly to the job listings page for ABM Industries and is accessible.
462,Securian Financial Group,www.securian.com,https://www.securian.com/about-us/careers?cid=rd_vurl_erjo_securian-careers_careers_&strala_id=1002299,True,This URL leads directly to the job listings page for Securian Financial Group and is accessible. (Redirects to: https://www.securian.com/about-us/careers?cid=rd_vurl_erjo_securian-careers_careers_&strala_id=1002299)
463,Prologis,www.prologis.com,https://www.prologis.com/careers,False,Suggested URL not accessible: https://www.prologis.com/careers
464,Blackstone,www.blackstone.com,https://www.blackstone.com/careers/careers-blackstone/,True,This URL leads directly to the job listings page for Blackstone and is accessible. (Redirects to: https://www.blackstone.com/careers/careers-blackstone/)
465,Skechers U.S.A.,www.skechers.com,https://careers.skechers.com/us/en,True,The URL leads directly to the job listings page for Skechers U.S.A. and is accessible.
466,Masco,www.masco.com,https://www.masco.com/careers,False,Suggested URL not accessible: https://www.masco.com/careers
467,Rush Enterprises,www.rushenterprises.com,https://careers.rushenterprises.com/,True,The URL leads directly to the job listings page for Rush Enterprises and is accessible. (Redirects to: https://careers.rushenterprises.com/)
468,Franklin Resources,www.franklinresources.com,https://www.franklinresources.com/careers,True,This URL leads directly to the job listings page for Franklin Resources and is accessible.
469,ODP,www.theodpcorp.com,https://www.theodpcorp.com/careers,False,Suggested URL not accessible: https://www.theodpcorp.com/careers
470,American Financial Group,www.afginc.com,https://www.afginc.com/careers,False,Suggested URL not accessible: https://www.afginc.com/careers
471,Packaging Corp. of America,www.packagingcorp.com,https://www.packagingcorp.com/careers,False,Suggested URL not accessible: https://www.packagingcorp.com/careers
472,Vulcan Materials,www.vulcanmaterials.com,https://www.vulcanmaterials.com/work-for-vulcan,True,This URL leads directly to the Vulcan Materials career page where job listings are available. (Redirects to: https://www.vulcanmaterials.com/work-for-vulcan)
473,Interactive Brokers Group,www.interactivebrokers.com,https://www.interactivebrokers.com/en/home.php,True,This URL leads directly to the job listings page for Interactive Brokers Group. (Redirects to: https://www.interactivebrokers.com/en/home.php)
474,Williams-Sonoma,www.williams-sonomainc.com,https://www.williams-sonoma.com/company/careers/,False,Suggested URL not accessible: https://www.williams-sonoma.com/company/careers/
475,XPO,www.xpo.com,https://jobs.xpo.com/,True,This URL leads directly to the job listings page for XPO and is accessible. (Redirects to: https://jobs.xpo.com/)
476,Weyerhaeuser,www.weyerhaeuser.com,https://www.weyerhaeuser.com/careers/,True,This URL leads directly to Weyerhaeuser's job listings page and is accessible.
477,Genworth Financial,www.genworth.com,https://careers.genworth.com/us/en,True,The URL leads directly to the job listings page for Genworth Financial and is accessible.
478,CMS Energy,www.cmsenergy.com,https://www.cmsenergy.com/careers,False,Suggested URL not accessible: https://www.cmsenergy.com/careers
479,Science Applications International,www.saic.com,https://www.saic.com/careers,False,Suggested URL not accessible: https://www.saic.com/careers
480,Jefferies Financial Group,www.jefferies.com,https://www.jefferies.com/careers/,True,The URL leads directly to the job listings page for Jefferies Financial Group and is accessible. (Redirects to: https://www.jefferies.com/careers/)
481,Bath & Body Works,www.bbwinc.com,https://www.bathandbodyworks.com/careers,False,Suggested URL not accessible: https://www.bathandbodyworks.com/careers
482,Electronic Arts,www.ea.com,https://www.ea.com/careers,True,The URL leads directly to the job listings page for Electronic Arts and is accessible.
483,Taylor Morrison Home,www.taylormorrison.com,https://careers.taylormorrison.com/,True,The URL leads directly to the job listings page for Taylor Morrison Home and is accessible. (Redirects to: https://careers.taylormorrison.com/)
484,Zimmer Biomet Holdings,www.zimmerbiomet.com,https://careers.zimmerbiomet.com/us/en,True,The URL leads directly to the job listings page for Zimmer Biomet Holdings and is accessible.
485,Clorox,www.thecloroxcompany.com,https://www.thecloroxcompany.com/careers/,True,This URL leads directly to Clorox's career page where job listings are available. (Redirects to: https://www.thecloroxcompany.com/careers/)
486,Xylem,www.xylem.com,https://www.xylem.com/en-us/careers/,False,Suggested URL not accessible: https://www.xylem.com/en-us/careers/
487,Voya Financial,www.voya.com,https://voya.wd5.myworkdayjobs.com/en-US/external,False,Suggested URL not accessible: https://voya.wd5.myworkdayjobs.com/en-US/external
488,Fastenal,www.fastenal.com,https://careers.fastenal.com/,True,The URL leads directly to Fastenal's job listings page and is accessible. (Redirects to: https://careers.fastenal.com/)
489,Watsco,www.watsco.com,https://www.watsco.com/careers,False,Suggested URL not accessible: https://www.watsco.com/careers
490,Workday,www.workday.com,https://www.workday.com/en-us/company/careers/overview.html,True,This URL leads directly to Workday's career page where job listings are available. (Redirects to: https://www.workday.com/en-us/company/careers/overview.html)
491,Old Republic International,https://www.oldrepublic.com/,https://www.oldrepublic.com/careers,False,Suggested URL not accessible: https://www.oldrepublic.com/careers
492,RPM International,https://www.rpminc.com/,https://www.rpminc.com/careers,False,Suggested URL not accessible: https://www.rpminc.com/careers
493,UFP Industries,https://www.ufpi.com/,https://www.ufpi.com/careers,False,Suggested URL not accessible: https://www.ufpi.com/careers
494,Ameren,https://www.ameren.com/,https://careers.ameren.com/,False,Suggested URL not accessible: https://careers.ameren.com/
495,Knight-Swift Transportation Hldgs.,https://investor.knight-swift.com/,https://www.knight-swift.com/careers,False,Suggested URL not accessible: https://www.knight-swift.com/careers
496,Monster Beverage,https://www.monsterbevcorp.com/,https://www.monsterbevcorp.com/careers,False,Suggested URL not accessible: https://www.monsterbevcorp.com/careers
497,Intuitive Surgical,https://www.intuitive.com/,https://www.intuitive.com/careers,True,"This URL leads directly to the job listings page for Intuitive Surgical, fulfilling all requirements."
498,Super Micro Computer,https://www.supermicro.com/,https://www.supermicro.com/en/careers,True,This URL leads directly to the job listings page for Super Micro Computer and is accessible.
499,Concentrix,https://www.concentrix.com/,https://careers.concentrix.com/,False,Suggested URL not accessible: https://careers.concentrix.com/
500,O-I Glass,https://www.o-i.com/,https://www.o-i.com/careers,False,Suggested URL not accessible: https://www.o-i.com/careers
